[
  {
    "_id": "333333333333333333333300",
    "fullname": "Bob User",
    "username": "bobuser",
    "password": "$2a$04$6elGB77ENVf8QdNwND17B.N28J0e1cS1nnYhneLuDWFak3XcWY2WC"
  },
  {
    "_id": "333333333333333333333301",
    "fullname": "Pat User",
    "username": "patuser",
    "password": "$2a$04$SJobz0xK4JT7srApciDFielmNq8EmdYd7lu.wzxFB/vhEvvy7IW2y"
  },
  {
    "_id": "333333333333333333333302",
    "fullname": "Jane User",
    "username": "janeuser",
    "password": "$2a$04$NYEkOtb1t5fSpa.JArA4aOQiIwzdGfst/AlG.3WxZidLmF6z6ec6K"
  }
]